{"cameraMode":{"drawMode":0,"name":"Shaded","section":"Shading Mode"},"sceneLighting":true,"audioPlay":false,"sceneViewState":{"m_AlwaysRefresh":false,"showFog":true,"showSkybox":true,"showFlares":true,"showImageEffects":true,"showParticleSystems":true,"showVisualEffectGraphs":true,"m_FxEnabled":true},"in2DMode":false,"pivot":{"x":968.9616088867188,"y":483.2757568359375,"z":-5.1656494140625},"rotation":{"x":0.012309407815337181,"y":0.008995050564408303,"z":-0.00011368148261681199,"w":0.9998993277549744},"size":547.1854248046875,"orthographic":false}