{"cameraMode":{"drawMode":0,"name":"Shaded","section":"Shading Mode"},"sceneLighting":true,"audioPlay":false,"sceneViewState":{"m_AlwaysRefresh":false,"showFog":true,"showSkybox":true,"showFlares":true,"showImageEffects":true,"showParticleSystems":true,"showVisualEffectGraphs":true,"m_FxEnabled":true},"in2DMode":false,"pivot":{"x":981.9951782226563,"y":190.59286499023438,"z":-90.0595703125},"rotation":{"x":-0.06177108734846115,"y":-0.0038949858862906696,"z":0.00024507276248186827,"w":-0.9980837106704712},"size":990.9420776367188,"orthographic":false}