{"cameraMode":{"drawMode":0,"name":"Shaded","section":"Shading Mode"},"sceneLighting":false,"audioPlay":false,"sceneViewState":{"m_AlwaysRefresh":false,"showFog":true,"showSkybox":false,"showFlares":true,"showImageEffects":true,"showParticleSystems":true,"showVisualEffectGraphs":true,"m_FxEnabled":true},"in2DMode":false,"pivot":{"x":-0.02881932258605957,"y":0.37976014614105227,"z":0.09823465347290039},"rotation":{"x":-0.14374490082263947,"y":0.27713337540626528,"z":-0.04196956008672714,"w":-0.949099063873291},"size":1.0792253017425538,"orthographic":false}