{"cameraMode":{"drawMode":0,"name":"Shaded","section":"Shading Mode"},"sceneLighting":false,"audioPlay":false,"sceneViewState":{"m_AlwaysRefresh":false,"showFog":true,"showSkybox":false,"showFlares":true,"showImageEffects":true,"showParticleSystems":true,"showVisualEffectGraphs":true,"m_FxEnabled":true},"in2DMode":false,"pivot":{"x":0.11273503303527832,"y":0.8386416435241699,"z":-0.10606759786605835},"rotation":{"x":0.024283433333039285,"y":0.044967785477638248,"z":-0.0010961887892335654,"w":0.99870765209198},"size":5.232926845550537,"orthographic":false}